Matricule,Poste,Code emploi,Type affectation,Ligne source,Ligne cible,Verdict,Écarts à investiguer,Écarts justifiés,Écarts systématiques (non individuels),Résumé
1545850,45985,6585,A,3,,ANOMALIE,,,,Affectation A (poste 45985) absente de la cible. Aucune règle de filtrage dans le mapping ne l'exclut.
2762457,30106,6203,P,8,7,ANOMALIE,contractTypeCode,,"contactEmail, positionName","écarts : contractTypeCode; systématique : contactEmail, positionName"
3241002,88622,6203,P,14,13,ANOMALIE,siteName,assignmentStartDate,"contactEmail, positionName","écarts : siteName; systématique : contactEmail, positionName; justifié : assignmentStartDate"
3712987,86337,6031,P,18,17,ANOMALIE,"contractTypeCode, dailyHoursOverride, weeklyHoursOverride",,"contactEmail, positionName","écarts : contractTypeCode, dailyHoursOverride, weeklyHoursOverride; systématique : contactEmail, positionName"
4625374,43478,6203,P,9,8,ANOMALIE,contractTypeCode,,"contactEmail, positionName","écarts : contractTypeCode; systématique : contactEmail, positionName"
6035643,47056,6622,P,13,12,ANOMALIE,siteName,,"contactEmail, positionName","écarts : siteName; systématique : contactEmail, positionName"
7254364,14553,6754,P,19,18,ANOMALIE,contractTypeCode,,"contactEmail, positionName","écarts : contractTypeCode; systématique : contactEmail, positionName"
2911996,12548,6051,P,16,15,ANOMALIE PROBABLE (à valider),"dailyHoursOverride, weeklyHoursOverride","detailedStatus, statusReasonCode","contactEmail, positionName","écarts : dailyHoursOverride, weeklyHoursOverride; systématique : contactEmail, positionName; justifié : detailedStatus, statusReasonCode"
4402456,26586,6031,P,17,16,ANOMALIE PROBABLE (à valider),"dailyHoursOverride, weeklyHoursOverride",assignmentStartDate,"contactEmail, positionName","écarts : dailyHoursOverride, weeklyHoursOverride; systématique : contactEmail, positionName; justifié : assignmentStartDate"
7683990,15514,6725,P,22,22,ANOMALIE PROBABLE (à valider),"dailyHoursOverride, weeklyHoursOverride",,"contactEmail, positionName","écarts : dailyHoursOverride, weeklyHoursOverride; systématique : contactEmail, positionName"
7603160,83560,6203,P,6,5,ÉCART JUSTIFIÉ,,"detailedStatus, statusReasonCode","contactEmail, positionName","systématique : contactEmail, positionName; justifié : detailedStatus, statusReasonCode"
9989151,31109,6203,P,4,3,ÉCART JUSTIFIÉ,,assignmentStartDate,"contactEmail, positionName","systématique : contactEmail, positionName; justifié : assignmentStartDate"
1545850,35342,6585,P,2,2,CONFORME,,,"contactEmail, positionName","systématique : contactEmail, positionName"
2173396,69289,6900,P,15,14,CONFORME,,,"contactEmail, positionName","systématique : contactEmail, positionName"
2648214,73721,6972,P,20,19,CONFORME,,,"contactEmail, positionName","systématique : contactEmail, positionName"
2747515,63970,6203,P,10,9,CONFORME,,,"contactEmail, positionName","systématique : contactEmail, positionName"
4880692,35161,6203,P,11,10,CONFORME,,,"contactEmail, positionName","systématique : contactEmail, positionName"
6783031,23999,6203,P,7,6,CONFORME,,,"contactEmail, positionName","systématique : contactEmail, positionName"
7070325,81864,6622,P,12,11,CONFORME,,,"contactEmail, positionName","systématique : contactEmail, positionName"
7683990,23841,6754,S,23,23,CONFORME,,,"contactEmail, positionName","systématique : contactEmail, positionName"
7683990,98689,6031,S,24,21,CONFORME,,,"contactEmail, positionName","systématique : contactEmail, positionName"
8142123,26800,6203,P,5,4,CONFORME,,,"contactEmail, positionName","systématique : contactEmail, positionName"
8644330,67970,6031,P,21,20,CONFORME,,,"contactEmail, positionName","systématique : contactEmail, positionName"
